{
    "app-id": "org.gnome.Calculator",
    "runtime": "org.gnome.Platform",
    "runtime-version": "master",
    "sdk": "org.gnome.Sdk",
    "command": "gnome-calculator",
    "tags": ["nightly"],
    "desktop-file-name-prefix": "(Nightly) ",
    "finish-args": [
        /* X11 + XShm access */
        "--share=ipc", "--socket=x11",
        /* Wayland access */
        "--socket=wayland",
        /* Needs to talk to the network to get currency data */
        "--share=network",
        /* Needed for dconf to work */
        "--filesystem=xdg-run/dconf", "--filesystem=~/.config/dconf:ro",
        "--talk-name=ca.desrt.dconf", "--env=DCONF_USER_CONFIG_DIR=.config/dconf"
    ],
    "build-options" : {
        "cflags": "-O2 -g -w",
        "cxxflags": "-O2 -g -w"
    },
    "cleanup": ["/include", "/lib/pkgconfig",
                "/share/pkgconfig", "/share/aclocal",
                "/man", "/share/man", "/share/gtk-doc",
                "/share/vala", "*.la", "*.a",
                "/bin/gcalccmd",
                "/lib/girepository-1.0", "/share/info", "/share/gtksourceview-4",
                "/share/doc", "/share/gir-1.0"
    ],
    "modules": [
        {
            "name": "mpfr",
            "sources": [
                {
                    "type": "archive",
                    "url": "http://www.mpfr.org/mpfr-4.0.1/mpfr-4.0.1.tar.xz",
                    "sha256": "67874a60826303ee2fb6affc6dc0ddd3e749e9bfcb4c8655e3953d0458a6e16e"
                }
            ]
        },
        {
            "name": "mpc",
            "config-opts" : [
                "--with-mpfr=/app"
            ],
            "sources": [
                {
                    "type": "archive",
                    "url": "https://ftp.gnu.org/gnu/mpc/mpc-1.1.0.tar.gz",
                    "sha256": "6985c538143c1208dcb1ac42cedad6ff52e267b47e5f970183a3e75125b43c2e"
                }
            ]
        },
        {
            "name": "gtksourceview",
            "sources": [
                {
                    "type": "git",
                    "url": "https://gitlab.gnome.org/GNOME/gtksourceview.git"
                }
            ]
        },
        {
            "name": "gnome-calculator",
            "buildsystem": "meson",
            "sources": [
                {
                    "type": "git",
                    "url": "https://gitlab.gnome.org/GNOME/gnome-calculator.git"
                }
            ]
        }
    ]
}
