<?xml version="1.0" encoding="UTF-8"?>
<gresources>
  <gresource prefix="/org/gnome/calculator">
    <file preprocess="xml-stripblanks">buttons-advanced.ui</file>
    <file preprocess="xml-stripblanks">buttons-basic.ui</file>
    <file preprocess="xml-stripblanks">buttons-financial.ui</file>
    <file preprocess="xml-stripblanks">buttons-programming.ui</file>
    <file preprocess="xml-stripblanks">history-view.ui</file>
    <file preprocess="xml-stripblanks">history-entry.ui</file>
    <file preprocess="xml-stripblanks">math-converter.ui</file>
    <file preprocess="xml-stripblanks">math-function-popover.ui</file>
    <file preprocess="xml-stripblanks">math-variable-popover.ui</file>
    <file preprocess="xml-stripblanks">math-window.ui</file>
    <file preprocess="xml-stripblanks">math-shortcuts.ui</file>
    <file>calculator.css</file>
  </gresource>
</gresources>
